timestamp,download,upload,ping,bytes_sent,bytes_received
2021-02-09T19:37:00.352126Z,108870529.83243923,11594590.508129895,57.63,14622720,137889168
2021-02-09T19:52:00.350155Z,117159687.71311115,11218576.464600014,23.174,14434304,146852122
2021-02-09T20:07:00.336655Z,116724598.88528182,10471595.323007025,17.598,13279232,147160700
2021-02-09T20:21:11.088543Z,114878004.44614293,8058610.486641522,21.624,10108928,144450054
2021-02-09T20:22:00.361878Z,113583872.87091705,7783661.96730734,20.532,10469376,142200208
2021-02-09T20:29:00.323325Z,115031664.97064535,10652362.746513477,19.993,13500416,145125894
2021-02-09T20:36:18.118592Z,111536218.78834009,9474203.904692406,21.754,11902976,139752848
2021-02-09T20:39:00.384808Z,114870018.862426,6021263.004996368,21.686,7913472,144754300
2021-02-09T20:41:53.354818Z,117106101.14050712,7094476.776843296,24.683,9003008,147135888
2021-02-09T20:43:31.480459Z,116609714.72801055,8381978.318833709,20.057,10780672,146436614
2021-02-09T20:49:00.540420Z,116341137.94957314,10476047.29117075,27.128,13787136,146002202
2021-02-09T20:59:00.428199Z,115019023.50097038,10853691.214116808,23.295,13918208,144173574
2021-02-09T21:09:00.421780Z,114041310.55600584,11602038.018738767,22.493,14647296,142881956
2021-02-09T21:12:00.421342Z,112506129.94007842,11264437.803179162,20.165,14327808,141196688
2021-02-09T21:22:00.369711Z,115569945.61657175,11296774.619426798,22.949,14270464,145481340
2021-02-09T21:32:00.358326Z,115709419.43136829,11767510.02146715,21.359,14893056,144972294
2021-02-09T21:42:00.396305Z,117452544.6301913,11899289.603635713,22.61,15081472,147222140
2021-02-09T21:52:00.379837Z,116035929.44083133,11356315.09881576,22.671,15114240,145809020
2021-02-09T22:02:00.425696Z,116853845.33880794,11858938.88022804,18.026,14950400,146487814
2021-02-09T22:12:00.562237Z,116124186.04506698,11641635.543221002,19.852,14647296,145340934
2021-02-09T22:22:00.474863Z,113120503.3912336,8859651.714152988,24.614,11411456,141926682
2021-02-09T22:32:00.396956Z,112286189.0255563,11312455.462235231,21.575,14327808,141180540
2021-02-09T22:42:00.363146Z,115586222.54153252,11588957.6233096,19.699,14753792,145392134
2021-02-09T22:52:00.390364Z,114535182.16774654,11496208.148928456,24.123,14458880,143259754
2021-02-09T23:02:00.495229Z,112744549.7159389,11307466.691916795,17.301,14606336,141641340
2021-02-09T23:12:01.707004Z,114189675.17635286,11638214.599513266,22.364,14942208,143009168
2021-02-09T23:19:00.529675Z,99692074.49262647,7176049.8756011715,24.035,9363456,125887888
2021-02-09T23:30:00.367650Z,114397934.35861783,10051557.588348769,20.42,12869632,144764540
2021-02-09T23:33:42.143388Z,101396529.84003472,7019432.442393633,23.976,9338880,143620614
2021-02-09T23:40:00.909083Z,111286576.87573056,6869627.613606858,16.764,8847360,140681734
2021-02-09T23:50:01.081499Z,116634153.51710404,9890290.07548152,21.617,12517376,146426374
2021-02-10T00:00:01.703182Z,34585662.717335835,11031718.145794354,21.546,13910016,43376675
2021-02-10T00:10:00.980880Z,114691938.67642407,11374240.11264552,24.061,14745600,145307260
2021-02-10T00:20:01.014879Z,99889154.98037964,11812289.40440415,23.945,14893056,146249340
2021-02-10T00:30:01.002583Z,114417119.29271705,11805741.669349197,22.984,14876672,145766682
2021-02-10T00:40:01.027209Z,115935156.0959961,11242840.597603863,19.493,14360576,145768060
2021-02-10T00:50:01.008187Z,114403181.70259571,11530327.512417464,23.092,14884864,143859088
2021-02-10T01:00:01.160683Z,113685303.69069141,11571525.721373022,24.549,14745600,144150140
2021-02-10T01:10:01.008454Z,114588225.77952987,9931116.773397837,22.241,12804096,143600134
2021-02-10T01:20:00.998442Z,115657110.62788455,10708055.926323932,25.975,13549568,145265516
2021-02-10T01:30:00.996911Z,115445375.4475742,10285171.542702172,19.591,13352960,145634940
2021-02-10T01:40:00.998232Z,115554044.26016854,9996732.617827354,22.725,12869632,144815740
2021-02-10T01:50:00.919804Z,114464597.14351004,10077329.555933151,19.003,12861440,145228294
2021-02-10T02:00:00.941151Z,69617525.77139755,10112652.5331915,27.369,13164544,87302096
2021-02-10T02:10:01.035288Z,115381293.65456207,11125967.937439304,21.918,14163968,145228294
2021-02-10T02:20:01.121237Z,116720924.59355599,11725568.042212363,18.273,15089664,146955900
2021-02-10T02:30:00.989028Z,117256100.4740441,10880341.077637728,24.317,13705216,146802300
2021-02-10T02:40:00.948200Z,116155422.24595672,11780427.031300565,19.977,14835712,146935420
2021-02-10T02:50:00.938202Z,116613847.60866724,10863660.390957464,24.777,14671872,146682374
2021-02-10T03:00:00.973229Z,108743996.04679292,11238924.092085555,20.539,14516224,136356122
2021-02-10T03:10:00.961012Z,115222195.75167146,11482748.785964586,20.405,14688256,144877180
2021-02-10T03:20:01.077767Z,115528770.8693172,4923570.546683553,22.82,6979584,145532540
2021-02-10T03:30:01.012954Z,114230807.48719017,11640254.815009464,20.581,14680064,143439248
2021-02-10T03:40:01.173148Z,112665327.9730296,11976784.380096823,19.485,15081472,142295322
2021-02-10T03:50:00.996602Z,116892749.77885972,10685421.833197571,22.283,13631488,146568356
2021-02-10T04:00:00.957014Z,116066896.69262816,11858932.528818764,17.96,14958592,145750534
2021-02-10T04:10:00.981580Z,115417533.20664355,11752135.590133388,23.996,15073280,144795260
2021-02-10T04:20:00.959599Z,115866361.82102369,11585421.429127397,22.022,14860288,146139654
2021-02-10T04:30:00.962257Z,110081948.717431,11880796.214123428,22.787,15114240,139299334
2021-02-10T04:40:01.005566Z,116036815.00392619,11918957.48958394,17.33,15007744,146095740
2021-02-10T04:50:01.028258Z,116487993.23840475,11740429.028763168,17.713,14761984,145697956
2021-02-10T05:00:01.469319Z,116369995.18486467,11521862.4100276,22.988,14770176,146464380
2021-02-10T05:10:00.935064Z,111704571.97409907,11104537.935498478,21.431,14123008,141244934
2021-02-10T05:20:00.949681Z,117053496.75988522,11651043.238674788,20.682,14860288,146689660
2021-02-10T05:30:01.001158Z,116216579.8518525,11839271.321932824,25.68,14934016,146280060
2021-02-10T05:40:01.007959Z,116971438.39120445,11640977.43783239,22.522,14630912,146464380
2021-02-10T05:50:00.983818Z,116493789.95627272,11876841.46358018,24.868,15048704,145780470
2021-02-10T06:00:01.002419Z,115739868.2518917,11826553.06803369,24.347,14925824,145174140
2021-02-10T06:10:01.010154Z,115241442.2574385,11731284.257205235,23.04,14811136,146402940
2021-02-10T06:20:01.109731Z,116953023.19523378,11435148.159299513,22.704,14647296,146822780
2021-02-10T06:30:01.069767Z,116694184.21666133,11340281.963811943,20.466,14884864,146505340
2021-02-10T06:40:00.993520Z,115692952.42571159,11301013.791198265,22.56,14606336,144846460
2021-02-10T06:50:00.957320Z,116328395.65957236,10172302.99556081,17.966,14925824,146331260
2021-02-10T07:00:00.956033Z,116218368.8240372,11906102.968879417,16.486,14999552,145819260
2021-02-10T07:10:00.950330Z,114806577.18838172,11327586.471718999,21.118,14565376,145081980
2021-02-10T07:20:00.953651Z,115961002.35962433,11787083.505964443,19.127,15089664,145430140
2021-02-10T07:30:00.956408Z,116545525.77176766,11876285.025914975,22.616,15040512,146085500
2021-02-10T07:40:01.164998Z,116315507.83278945,11843679.10324005,23.574,14966784,146060688
2021-02-10T07:50:00.999381Z,116529797.75354877,11631837.898915114,23.601,14704640,146187900
2021-02-10T08:00:00.875153Z,116138138.09277135,11819262.0970144,18.506,15163392,146065020
2021-02-10T08:10:01.011220Z,116591617.4327741,11273312.026757747,21.188,14524416,146487030
2021-02-10T08:20:00.987010Z,117061124.36988308,11818657.73400357,19.511,14884864,146835974
2021-02-10T08:30:00.970620Z,116627610.19401117,11199347.944586614,22.129,14442496,145986054
2021-02-10T08:40:00.996071Z,116071261.05643567,11431131.220763905,23.401,14696448,145765898
2021-02-10T08:50:00.954165Z,116935300.73429586,11320088.314436698,19.73,14589952,146484860
2021-02-10T09:00:01.140057Z,106457666.87861109,11663245.111364216,23.265,14688256,133230462
2021-02-10T09:10:00.971769Z,116643400.33970042,11616931.936546883,20.861,14819328,146416134
2021-02-10T09:20:00.940180Z,114526643.6492851,11807157.718746107,19.417,15196160,143535740
2021-02-10T09:30:00.951008Z,116917731.18472178,11773881.666872095,22.65,14827520,146843260
2021-02-10T09:40:00.993579Z,115289328.3690011,11538195.08712577,23.318,15024128,145771014
2021-02-10T09:50:00.996144Z,116645636.90663919,11558910.322490003,19.676,14835712,146138276
2021-02-10T10:00:00.985345Z,115170798.53750259,11792280.003467748,20.399,14901248,145133180
2021-02-10T10:10:00.964192Z,116144968.89758292,11782970.652179597,15.536,15155200,146484860
2021-02-10T10:20:01.137178Z,116760507.04925112,11881405.60436194,15.673,15237120,146764294
2021-02-10T10:30:01.021422Z,116488520.95126548,11466223.02226959,21.219,14704640,146208380
2021-02-10T10:40:00.849768Z,115562414.89779782,12024455.7648212,23.018,15130624,144972294
2021-02-10T10:50:01.026899Z,116153127.92524059,11627912.732397255,23.676,15081472,146423420
2021-02-10T11:00:00.858083Z,114089431.60107811,10143147.533426937,15.527,13434880,144412048
2021-02-10T11:10:00.922713Z,116314913.5012848,11867122.529174475,17.727,14991360,146628220
2021-02-10T11:20:00.947174Z,113932222.86558446,11820037.685041612,14.897,14942208,142691728
2021-02-10T11:30:00.867204Z,117225520.60852858,11826226.162821122,17.338,14876672,146869648
2021-02-10T11:40:02.097257Z,116690474.0970974,11404394.167721484,16.019,14483456,147037820
2021-02-10T11:50:01.886700Z,116140286.890973,11027446.564992225,20.804,14147584,146607740
2021-02-10T12:00:01.905433Z,117299864.58828528,12011465.402670557,18.258,15106048,147304060
2021-02-10T12:10:01.877905Z,116838251.68289307,11923087.390484538,22.539,14999552,146658940
2021-02-10T12:20:01.895838Z,116081434.40752648,11587087.864636876,19.813,14614528,145656996
2021-02-10T12:30:01.845898Z,117312112.21140991,11773583.29783379,20.035,14811136,146896630
2021-02-10T12:40:01.905383Z,115793687.17384227,11608412.734318597,23.432,14966784,146065020
2021-02-10T12:50:01.896987Z,116198469.74456808,11527029.815881241,22.664,14835712,146607740
2021-02-10T13:00:02.080040Z,115836664.16605511,11640790.440139515,22.667,14909440,147007100
2021-02-10T13:10:01.893769Z,117323191.46810676,12031851.10786402,20.068,15237120,147317254
2021-02-10T13:20:01.905436Z,116648622.14901026,11733312.435494296,22.222,15204352,147017340
2021-02-10T13:30:01.890927Z,117365756.43684913,11312874.097416924,22.176,14426112,147002768
2021-02-10T13:40:01.908921Z,116580168.11944835,11438364.337699186,23.177,14426112,147058300
2021-02-10T13:50:02.048019Z,115342145.49790746,12046380.249354849,23.242,15147008,145880700
2021-02-10T14:00:01.908020Z,116167955.02729332,11797321.139247373,15.537,14868480,146027014
2021-02-10T14:10:01.922153Z,116380846.39268729,11402031.012871346,23.84,14548992,146835974
2021-02-10T14:20:01.904857Z,116746594.02502891,11815038.68345253,23.327,15106048,147037820
2021-02-10T14:30:01.926540Z,116648977.00192235,11624373.433342228,23.513,15065088,146438784
2021-02-10T14:40:01.908625Z,117151314.76092061,11643751.039870067,19.836,14966784,146795014
2021-02-10T14:50:01.901899Z,115885971.21583526,11665162.653357936,20.691,15007744,146249340
2021-02-10T15:00:01.879151Z,116383257.642068,11541268.908423005,23.595,14835712,146300540
2021-02-10T15:10:01.940688Z,117224238.51025073,11621352.537860053,22.672,15122432,146963978
2021-02-10T15:20:01.908154Z,115701608.1805039,11794560.210456315,25.405,15253504,145573500
2021-02-10T15:30:01.926028Z,115996277.57297876,11262958.220561424,23.337,14352384,147027580
2021-02-10T15:40:01.827310Z,117192597.9244295,12027764.619450279,14.884,15138816,147001984
2021-02-10T15:50:01.812779Z,116915663.82762995,11777780.747024804,20.532,14786560,146603408
2021-02-10T16:00:01.878605Z,116684105.46597281,11377201.629054537,24.988,14589952,146853500
2021-02-10T16:10:01.927981Z,115640465.91982085,11931111.402287776,26.226,15032320,145852934
2021-02-10T16:20:01.906957Z,116121816.20585552,11902665.6565403,23.495,15048704,145890940
2021-02-10T16:30:01.958637Z,116128456.22287068,11659694.882033296,23.677,14991360,146484860
2021-02-10T16:40:01.905307Z,115905577.5156476,11694652.553483535,21.755,14688256,146290300
2021-02-10T16:50:01.903090Z,116253829.08650847,11578345.50176759,24.856,14868480,145607174
2021-02-10T17:00:01.906105Z,116750101.91203783,11533091.951064087,20.352,14819328,146367888
2021-02-10T17:10:01.922908Z,116337149.28689267,11396452.09995282,24.645,14704640,147078780
2021-02-10T17:20:01.847002Z,115362220.90213367,11871392.58754392,26.527,14942208,144651900
2021-02-10T17:30:01.907065Z,116622219.6160905,11709266.258959,23.471,14729216,145981722
2021-02-10T17:40:01.881613Z,115057651.86336377,11520532.329846011,21.27,14827520,145819260
2021-02-10T17:50:01.953963Z,117105406.96457183,11372992.745155007,23.433,14327808,146833020
2021-02-10T18:00:01.935554Z,115103333.86016047,11705172.608929412,22.778,15081472,146047494
2021-02-10T18:20:01.921661Z,110144851.53024109,11630668.775647223,25.879,14647296,138825340
2021-02-10T18:30:01.912675Z,113292961.55787343,10835906.827028628,25.845,13697024,142985734
2021-02-10T18:40:01.914766Z,116032034.24206597,10714334.573266793,26.593,13582336,145351174
2021-02-10T18:50:01.910910Z,116558026.05128278,11300372.504423385,22.819,14221312,146054780
2021-02-10T19:00:01.931904Z,115225321.14964812,5973762.35902437,26.009,7643136,145071740
2021-02-10T19:20:01.926009Z,116392461.23918763,11571347.995148951,24.32,14712832,145771014
2021-02-10T19:30:01.956228Z,113086599.90335472,6125837.431753316,26.748,8077312,143313414
2021-02-10T19:40:01.906501Z,114623407.25861545,10921132.072005982,22.939,14180352,145814928
2021-02-10T20:00:01.897824Z,114357688.1707081,11269845.563684884,24.076,14237696,144907900
2021-02-10T20:10:01.919462Z,115636085.49015664,5636885.6169392215,21.061,7380992,146003580
2021-02-10T20:20:01.923075Z,114395408.83518547,8904747.62521018,21.565,11436032,143910288
2021-02-10T20:30:02.106025Z,115777507.16402234,10548430.370492328,26.279,13451264,145733008
2021-02-10T20:40:00.886560Z,116001791.64485638,7050975.558818783,21.633,8986624,146047494
2021-02-10T21:00:01.935080Z,116031774.22679628,10686998.022435188,25.904,13631488,145914374
2021-02-10T21:10:01.941883Z,115571162.59352756,8164735.739392884,23.058,10526720,145235580
2021-02-10T21:20:01.930381Z,113933407.93790042,11027697.771356426,20.931,13950976,144395900
2021-02-10T21:30:01.953206Z,114349811.702358,8752032.676679043,25.989,11141120,144068220
2021-02-10T21:40:01.932014Z,116385515.5709883,8731550.296957863,25.593,11132928,146825734
2021-02-10T21:50:02.036020Z,116315653.62576735,11533919.772009932,23.68,14639104,145855888
2021-02-10T22:00:01.944572Z,87121837.01629709,9876149.949770276,26.355,12460032,109332762
2021-02-10T22:10:01.943584Z,116468460.89522268,5817315.392718244,22.632,7806976,146252294
2021-02-10T22:20:01.893290Z,116203825.7765388,6059645.397766753,24.744,7995392,145471100
2021-02-10T22:30:01.879980Z,115529800.88859537,5665591.980072929,23.611,7512064,144692860
2021-02-10T22:40:01.930619Z,114356003.14712888,7870462.921375302,26.623,10289152,143200774
2021-02-10T22:50:01.892459Z,116942076.80031444,5984245.452382205,25.358,7954432,146549254
2021-02-10T23:00:01.912071Z,116568960.33580817,7416556.823049621,23.549,9601024,145986054
2021-02-10T23:10:01.967045Z,115473192.74914192,5982119.993112067,26.024,7577600,144621180
2021-02-10T23:20:01.922024Z,108992866.79129446,5405445.945818674,22.002,7045120,136462854
2021-02-10T23:30:01.917346Z,116561026.67867787,6083945.617818963,27.238,7831552,146003580
2021-02-10T23:40:01.908013Z,110307963.50282617,5834000.317358363,25.944,7684096,138172934
2021-02-10T23:50:02.564011Z,114435792.95076977,4178681.2907026964,21.716,5685248,143853180
2021-02-11T00:00:02.473004Z,115794423.61073504,4492849.9690189855,19.292,6127616,145054214
2021-02-11T00:10:02.556421Z,115811927.33863834,5838834.627781684,22.778,7340032,145695002
2021-02-11T00:30:02.961061Z,115666257.00944805,6672891.308967107,23.709,8806400,145686140
2021-02-11T00:40:02.562602Z,115787276.81001368,8211558.784289589,23.413,10657792,146088454
2021-02-11T00:50:02.550036Z,115737051.43266496,7927080.048693409,22.868,9961472,145469722
2021-02-11T01:00:02.517006Z,116272239.0368956,11657988.547724022,22.4,14680064,145640848
2021-02-11T01:10:02.520035Z,116933376.04454572,10445908.64117718,25.576,13385728,146539014
2021-02-11T01:30:02.568840Z,116137810.91304407,11525295.027718183,22.939,14868480,145415568
2021-02-11T01:40:02.574052Z,115723175.0899909,10643242.09434851,22.944,13475840,144967962
2021-02-11T01:50:02.605578Z,116007285.45085955,11602548.539253902,23.146,14761984,146160134
2021-02-11T02:00:02.552063Z,114401030.53321134,11583924.923257658,19.845,14770176,143705488
2021-02-11T02:10:02.562060Z,116931323.34539527,11500033.729854254,26.052,14843904,146474620
2021-02-11T02:20:02.552407Z,116473079.36375767,11926878.662302405,25.143,15089664,146525820
2021-02-11T02:30:02.537602Z,115649731.06764051,11528553.480944252,23.793,14860288,146341500
2021-02-11T02:40:02.535693Z,115595335.36491759,11871799.941938924,17.631,14950400,145419900
2021-02-11T02:50:02.514774Z,116493833.28313158,11689781.13906195,19.464,14729216,146564618
2021-02-11T03:00:02.578353Z,116125514.6080012,11418603.888631325,22.218,14426112,145494534
2021-02-11T03:10:03.041494Z,113145588.93342772,10952319.103268033,18.398,14221312,141580692
2021-02-11T03:20:02.568654Z,100578877.46691974,11156325.153886901,16.022,14745600,126471568
2021-02-11T03:30:02.537889Z,93415136.15006785,10235045.749910854,16.989,13295616,117732516
2021-02-11T03:40:02.614354Z,116090679.33918782,11866011.429247485,19.696,14934016,146638460
2021-02-11T03:50:02.570065Z,107968150.77733707,11576980.48897451,24.998,14573568,135253156
2021-02-11T04:00:02.541748Z,116202200.34023038,11712750.047812205,22.359,14761984,146771580
2021-02-11T04:10:02.541530Z,117278346.71767275,11637451.434178865,22.495,15024128,146890128
2021-02-11T04:20:02.498036Z,115360313.88264994,11561243.041685818,22.824,15048704,144336630
2021-02-11T04:30:02.545023Z,115542445.3044646,11822996.405631687,13.834,14893056,144631420
2021-02-11T04:40:02.522874Z,109475782.86228995,11246027.464781407,16.903,14123008,138385020
2021-02-11T04:50:02.482653Z,108414476.70733647,11484933.541249556,17.92,14835712,136593020
2021-02-11T05:00:02.487538Z,110640407.06993566,10883111.788557624,22.731,14622720,138521094
2021-02-11T05:10:02.489950Z,110680122.46169792,10888847.735292412,16.993,14983168,138807814
2021-02-11T05:20:02.530907Z,110053151.0832948,10973109.968410246,20.699,14843904,138152454
2021-02-11T05:30:02.519703Z,115357751.34921715,11802816.84759386,15.392,14827520,144916762
2021-02-11T05:40:02.545931Z,116275048.49504353,11811113.065541307,21.773,14884864,145627654
2021-02-11T05:50:03.544398Z,116770508.34178875,11897269.76873655,20.18,14991360,146945660
2021-02-11T06:00:02.536883Z,116645907.16839485,11488312.20035412,17.762,14630912,146392700
2021-02-11T06:10:02.541904Z,113033852.69254683,11675222.87546004,19.579,14729216,142337660
2021-02-11T06:20:02.541832Z,114540468.16592422,11850385.951061351,21.012,15015936,143357328
2021-02-11T06:30:02.495294Z,116902032.1785189,11558002.631853642,21.61,14721024,146290300
2021-02-11T06:40:02.545499Z,117040324.84538412,11795702.575463647,18.96,14868480,146833020
2021-02-11T06:50:02.491104Z,115976219.54179586,11261575.898917936,20.456,14393344,146119174
2021-02-11T07:00:02.531833Z,117455524.08980754,11664449.155287324,19.291,14868480,146975596
2021-02-11T07:10:02.546858Z,116491093.39127785,11579308.95011792,22.103,14606336,146678042
2021-02-11T07:20:02.531112Z,116766904.05803107,11890796.312420027,18.522,15097856,146242054
2021-02-11T07:30:02.532405Z,109546231.49851246,11698646.77368954,21.99,14843904,138818054
2021-02-11T07:40:02.506218Z,116013517.2380184,11511973.159261895,18.388,14753792,146167420
2021-02-11T07:50:02.547042Z,115347974.00048986,11792881.224828556,18.294,15187968,146187900
2021-02-11T08:00:02.510976Z,116636539.27288774,11516819.133484028,19.989,14893056,146233984
2021-02-11T08:10:02.511344Z,115520342.04956028,11606279.526498547,18.212,14811136,146105980
2021-02-11T08:20:02.486086Z,115993482.70578276,11593436.542512175,19.864,14614528,145614460
2021-02-11T08:30:02.690008Z,116629657.3629834,11802692.409269053,17.541,14942208,145993340
2021-02-11T08:40:02.511658Z,116459898.81959759,11362951.652696172,20.525,14991360,147122694
2021-02-11T08:50:02.486161Z,116784699.5077369,11410446.153786512,20.328,14680064,146454140
2021-02-11T09:00:02.496524Z,116378117.98757829,11286586.918103164,20.021,14368768,146559494
2021-02-11T09:10:02.482098Z,115619886.29214959,11575959.3431621,18.652,14827520,146607740
2021-02-11T09:20:02.491136Z,115633161.80988635,11716703.605807468,16.608,14721024,146351740
2021-02-11T09:30:02.505614Z,116298230.78306006,11672978.464004016,18.26,14909440,146027014
2021-02-11T09:40:02.521760Z,116762946.77696702,11379377.539716244,18.811,14680064,147160700
2021-02-11T09:50:02.671411Z,116695797.92565545,11497305.671211692,21.475,14811136,147068540
2021-02-11T10:00:02.465733Z,117495734.56940678,11869876.55974737,18.636,15024128,147191420
2021-02-11T10:10:02.506909Z,116114345.65472652,10669031.790818376,18.108,13778944,146648700
2021-02-11T10:20:01.534152Z,117216119.48966756,11798131.814571021,17.832,15237120,147304060
2021-02-11T10:30:01.629986Z,117339254.48187467,11785659.436494056,16.618,14974976,147073664
2021-02-11T10:40:02.536261Z,116161699.52381328,11615726.708182251,20.186,14835712,146221574
2021-02-11T10:50:02.540751Z,115864805.64106098,11783600.779957065,18.061,15106048,146249340
2021-02-11T11:00:02.551569Z,117544610.46850239,11175993.475862361,16.907,14581760,147245574
2021-02-11T11:10:02.685741Z,116902627.5266879,11588182.555510025,18.127,14557184,146620934
2021-02-11T11:20:02.536287Z,116592988.03660466,11832552.172040077,17.744,15147008,147263100
2021-02-11T11:30:02.511097Z,116773772.94232959,11687384.016180363,15.92,14696448,147051014
2021-02-11T11:40:02.531434Z,116355185.55978498,11777284.278441604,20.139,15106048,145911420
2021-02-11T11:50:02.527108Z,116140729.4057183,11967845.490575524,18.679,15065088,146378128
2021-02-11T12:00:02.491788Z,115356566.76824693,11613166.922186308,19.927,14606336,146664848
2021-02-11T12:10:02.531292Z,116459501.59359908,11305730.930461433,19.789,14655488,146894460
2021-02-11T12:20:02.496172Z,115659939.29626769,11808384.072480377,15.957,15048704,146743814
2021-02-11T12:30:02.936071Z,117208044.2635107,11253989.133888105,20.07,14548992,146733574
2021-02-11T12:40:02.601941Z,116975204.21301787,11672922.048739914,18.151,14737408,146720380
2021-02-11T12:50:02.561644Z,115690717.76897739,11083627.794864768,21.341,14753792,146761340
2021-02-11T13:00:02.516569Z,117316454.5440921,11561157.834156537,17.021,14565376,147263100
2021-02-11T13:10:02.470616Z,60194520.58936977,11593562.852480441,18.422,15056896,76188836
2021-02-11T13:20:02.511695Z,116151604.12504464,11537879.601660624,19.279,14852096,147020294
2021-02-11T13:30:02.535791Z,116006433.94132304,11433503.541225981,19.72,14467072,146751100
2021-02-11T13:40:02.826257Z,117104252.72898793,11662986.051392548,15.745,15228928,147143174
2021-02-11T13:50:02.641389Z,116916809.91184203,11214059.835943967,18.991,14557184,146326928
2021-02-11T14:00:02.521429Z,113560113.02864617,11946953.478049811,19.717,15056896,142722448
2021-02-11T14:10:02.495917Z,117307008.06377283,11829836.82671747,16.106,14917632,147191420
2021-02-11T14:20:02.522153Z,115830744.61102046,11727540.474249953,18.69,14745600,146280060
2021-02-11T14:30:02.521741Z,116374084.86980581,11573232.734798715,16.653,14909440,146699900
2021-02-11T14:40:02.466239Z,115665241.32701208,11802599.445647324,21.337,15065088,145911420
2021-02-11T14:50:02.526635Z,117294507.66107559,11372861.63717855,20.071,14721024,147048060
2021-02-11T15:00:02.481886Z,115565931.72927363,11840190.205236394,19.919,15048704,145020540
2021-02-11T15:10:02.671722Z,116842750.5863365,11519751.785943596,21.161,14860288,147007100
2021-02-11T15:20:02.506344Z,116185650.54163526,11461576.161127187,20.08,14565376,146781820
2021-02-11T15:30:02.512473Z,116495969.69865668,11510334.222123472,21.586,14508032,147058300
2021-02-11T15:40:02.581743Z,116678408.328147,11479212.237046149,18.584,14704640,146597500
2021-02-11T15:50:02.485410Z,114814891.11683258,11491093.725067908,19.826,14778368,145555974
2021-02-11T16:00:02.541044Z,112516564.46672074,11406786.790255003,21.099,14671872,140933402
2021-02-11T16:10:02.481226Z,116315629.6340262,11670063.54872948,16.499,14696448,146095740
2021-02-11T16:20:02.492012Z,115932476.47441317,11846146.945426526,20.237,15040512,145829500
2021-02-11T16:30:02.690873Z,115725293.93400395,11069615.980742209,21.099,14000128,145563260
2021-02-11T16:40:02.555832Z,116337587.73496875,10813847.461203108,23.495,13959168,145919498
2021-02-11T16:50:02.563896Z,114914486.89928429,11421822.41712377,23.179,14811136,145842694
2021-02-11T17:00:02.509013Z,117469947.67304614,11843014.443083428,21.806,14974976,147191420
2021-02-11T17:10:02.559196Z,117122086.95034826,9132279.758380692,27.431,11526144,146495100
2021-02-11T17:20:02.567320Z,115711759.03642331,11551589.298373505,22.179,14614528,146795014
2021-02-11T17:30:02.558350Z,115385570.37570694,11616794.661169125,20.376,14622720,146354694
2021-02-11T17:40:02.539002Z,115696834.43365234,11194839.409822974,23.543,14516224,145207814
2021-02-11T17:50:02.665773Z,104300373.23028797,11748744.900717001,21.955,15024128,131048848
2021-02-11T18:00:02.487899Z,116399511.08173896,11417155.947928356,24.346,14548992,145996294
2021-02-11T18:10:02.596283Z,111304058.06068812,9041631.31228619,28.131,11575296,139852294
2021-02-11T18:20:02.591913Z,114052761.33208193,7534457.638519391,26.835,9535488,143582608
2021-02-11T18:30:02.580563Z,115458978.06982912,7973713.176436553,26.457,10420224,144902784
2021-02-11T18:40:03.529574Z,24096476.24746617,1800336.9423492607,44.58,2760704,30473712
2021-02-11T18:50:02.574571Z,111622367.5690428,4365850.172278359,25.924,5996544,140377488
2021-02-11T19:00:02.580591Z,102807978.49605763,2561952.0403227746,26.87,3555328,129318288
2021-02-11T19:10:02.717950Z,87555467.77388357,2134999.3945225645,24.828,3104768,109960356
2021-02-11T19:20:02.546197Z,104214308.00074899,3066518.9818179435,32.199,3981312,130409636
2021-02-11T19:30:02.543947Z,97775345.00399272,2891100.2989439983,23.131,4046848,122559888
2021-02-11T19:40:02.575101Z,76039675.95460247,1654801.6099760116,22.368,2629632,95245476
2021-02-11T19:50:02.567999Z,115532183.84755088,6436779.903948813,24.942,8200192,145071740
2021-02-11T20:00:02.579016Z,112154110.3445415,4789769.945806664,26.91,6471680,142756122
2021-02-11T20:10:02.541581Z,115876109.00492339,7407760.445409614,24.08,9355264,145302928
2021-02-11T20:20:02.541345Z,115944593.59686896,8617165.643068431,23.325,11034624,145241488
2021-02-11T20:30:02.639260Z,112662984.8866436,11404506.524568075,25.207,14344192,140997796
2021-02-11T20:40:02.538666Z,116520234.62031011,11735574.196318414,25.169,14843904,146289516
2021-02-11T20:50:02.566513Z,114726479.41185771,11376020.325399183,25.851,14524416,145061500
2021-02-11T21:00:02.561868Z,114952683.15262362,10615637.797227625,21.04,13549568,144877180
2021-02-11T21:10:02.557047Z,116065602.9654615,10098771.29160838,24.045,13262848,145921660
2021-02-11T21:20:02.608002Z,116327820.73811154,8830492.2762297,23.192,11264000,146070928
2021-02-11T21:30:02.539049Z,115108530.24234761,6034839.131225859,28.315,7946240,144436860
2021-02-11T21:40:02.554493Z,116122337.5092473,6576719.236850811,27.237,8724480,145377562
2021-02-11T21:50:02.600312Z,116734321.81565677,11669985.085690027,21.655,14802944,146966140
2021-02-11T22:00:02.548108Z,116109911.24936216,10702891.932940355,20.417,13795328,145555974
2021-02-11T22:10:02.564703Z,115479292.54399806,6121908.411538991,20.087,7979008,145512060
2021-02-11T22:20:02.569663Z,115150507.54250793,7428071.676103367,23.284,9576448,145716860
2021-02-11T22:30:02.565979Z,115366261.99077965,9006327.51583025,26.513,11493376,144447100
2021-02-11T22:40:02.734475Z,116080293.07418288,7762262.679048573,26.195,10076160,145942140
2021-02-11T22:50:02.590636Z,115438704.21890092,4611096.444265016,25.23,6168576,144526858
2021-02-11T23:00:02.586968Z,115728287.63249244,4478262.662558185,26.164,6086656,144951814
2021-02-11T23:10:02.686723Z,115833636.12014784,7226829.690239481,25.967,9248768,146085500
2021-02-11T23:20:02.569221Z,115361485.87097862,8118231.302264233,25.997,10592256,144969340
2021-02-11T23:30:02.027228Z,116617941.3956455,10724683.4341555,23.563,13549568,146610694
2021-02-11T23:40:02.577036Z,115015887.87048332,10658439.994052267,21.54,13426688,145668614
2021-02-11T23:50:02.628735Z,116463027.10425217,9143104.828482345,25.869,11542528,146126460
2021-02-12T00:00:02.609635Z,114878696.8053933,6135272.872538767,27.387,8216576,145592602
2021-02-12T00:10:02.679065Z,115515235.18170504,6034963.649219696,22.032,7921664,144852368
2021-02-12T00:20:02.631050Z,116715269.0945471,8088498.666973034,25.111,10297344,146047494
2021-02-12T00:30:02.747997Z,116866579.86220084,11812781.820447832,17.934,14925824,146736528
2021-02-12T00:40:02.604867Z,115813971.42490974,11819703.54014257,23.64,14942208,146293254
2021-02-12T00:50:02.636999Z,116299919.5013856,11509070.326637654,22.536,14737408,146771580
2021-02-12T01:00:02.603052Z,114852037.79017262,9666872.64454859,23.749,12263424,145371654
2021-02-12T01:10:02.613758Z,116657806.98389691,10144984.119570898,23.015,12812288,146139654
2021-02-12T01:20:02.538785Z,114117268.69245397,11605193.733093238,25.658,14606336,144624134
2021-02-12T01:30:02.636301Z,114753189.8485553,11467953.778593576,25.461,14557184,145327740
2021-02-12T01:40:02.610804Z,115972368.75260563,10821642.608163754,28.043,13729792,146265488
2021-02-12T01:50:02.758001Z,116192566.42064363,10964766.656645216,24.147,14163968,145788540
2021-02-12T02:00:02.583347Z,108942098.2739272,11662681.087878773,23.435,15089664,136594596
2021-02-12T02:10:02.602297Z,114453900.54846239,10100208.113829166,14.494,12861440,144539260
2021-02-12T02:20:02.642277Z,114475273.25695653,11750271.366658185,22.139,15040512,143354374
2021-02-12T02:30:02.605731Z,117196375.30179498,11594266.766200598,22.982,14770176,146851040
2021-02-12T02:40:02.636159Z,116617902.22927439,11787622.4600433,24.635,15187968,147027580
2021-02-12T02:50:02.541536Z,115646146.91596091,8960167.446311032,23.578,15138816,146925180
2021-02-12T03:00:02.596968Z,116794726.6132915,11718696.708743216,20.075,14991360,147170940
2021-02-12T03:10:02.644178Z,115664297.06680435,11413714.900871119,20.584,14336000,145207814
2021-02-12T03:20:02.585833Z,116725352.84384687,11566984.797688738,21.754,14737408,146853500
2021-02-12T03:30:02.603055Z,115012115.03882101,11498786.977853546,23.091,14647296,145606390
2021-02-12T03:40:02.612029Z,112541313.477049,11777666.171510953,21.709,15056896,140883580
2021-02-12T03:50:02.616033Z,116907979.91753764,11702246.773870736,16.404,14802944,146392700
2021-02-12T04:00:02.599787Z,112985593.61803788,11771631.352331122,23.582,14852096,142166534
2021-02-12T04:10:02.611368Z,115774273.54629946,12011609.701103633,25.029,15220736,145152282
2021-02-12T04:20:02.598980Z,115583408.5597548,11587781.561799679,21.493,14778368,144747014
2021-02-12T04:30:02.669013Z,114155592.44351462,11553458.40016382,21.227,14729216,143111568
2021-02-12T04:40:02.597616Z,115864344.93446775,11746330.535605052,23.185,15073280,146628220
2021-02-12T05:00:02.621070Z,115986933.13594867,11695662.477753155,21.955,14712832,146904700
2021-02-12T05:10:02.598003Z,115889650.45106295,11921453.929036234,23.027,15007744,146098694
2021-02-12T05:20:02.563207Z,117273494.84379849,11875895.299457,21.787,15237120,146904700
2021-02-12T05:30:02.562944Z,115953303.60322395,11551893.113336384,22.023,14761984,146672134
2021-02-12T05:40:03.264590Z,116837739.47153863,11523147.434428772,25.446,14852096,146464380
2021-02-12T05:50:02.699971Z,116321337.17160948,11798385.850886516,20.52,15147008,146925180
2021-02-12T06:00:02.595896Z,116516299.19045022,11587293.110940456,22.289,14942208,147099260
2021-02-12T06:10:02.551445Z,116073901.11899659,11498317.56959253,19.585,14688256,146822780
2021-02-12T06:20:02.626440Z,117263068.28895342,11568114.782990677,20.209,14868480,146906870
2021-02-12T06:30:02.621682Z,116554717.55561471,11707392.69841028,22.857,14876672,146078214
2021-02-12T06:40:02.631920Z,113182600.00037728,11634262.583799513,19.622,15048704,142503076
2021-02-12T06:50:02.652020Z,110921764.31958325,11528404.732961377,22.841,14671872,138981894
2021-02-12T07:00:02.603020Z,110970492.0998967,11283714.450609636,23.742,14524416,139804048
2021-02-12T07:10:02.731411Z,114589689.7414267,10933853.641703077,17.729,14467072,143704704
2021-02-12T07:20:02.624375Z,113821422.60334054,11603770.60089375,23.573,14614528,143105660
2021-02-12T07:30:02.604542Z,113296290.96514867,11420987.5109961,21.063,14745600,143341180
2021-02-12T07:40:02.623521Z,117068691.03843533,11252847.680937117,24.944,14499840,146792060
2021-02-12T07:50:02.623033Z,115572831.38916044,10715761.139409147,19.672,13631488,146351740
2021-02-12T08:00:02.603125Z,116254243.13670176,11914362.897506109,20.693,15056896,145719814
2021-02-12T08:10:02.603258Z,116700797.003627,11758713.869732881,19.255,15163392,146136700
2021-02-12T08:20:02.582639Z,116955013.60147023,11659990.87371379,23.476,14852096,146853500
2021-02-12T08:30:03.143118Z,117339622.44571331,11580754.51709478,19.261,14950400,146996860
2021-02-12T08:40:02.595970Z,116518694.16796736,11645961.882114232,22.235,14745600,146969094
2021-02-12T08:50:02.567248Z,115049161.90242568,12020727.802893132,22.198,15220736,144477820
2021-02-12T09:00:02.616924Z,116736125.27417092,11758367.718962193,18.433,15163392,146966140
2021-02-12T09:10:02.614089Z,116874196.56164654,11509867.09929722,21.737,14606336,146321020
2021-02-12T09:20:02.599975Z,116869092.75347295,11547297.003291562,22.101,14794752,146416134
2021-02-12T09:30:02.574181Z,116804210.11944126,11817328.616614066,22.442,15155200,147043728
2021-02-12T09:40:02.606630Z,115337311.21622214,11641211.66713411,22.686,14737408,145215100
2021-02-12T09:50:02.749002Z,116633353.12702823,11889810.020742528,17.173,15114240,147119740
2021-02-12T10:00:02.641413Z,117522907.3219286,11436121.783587685,19.536,14475264,147263100
2021-02-12T10:10:02.593066Z,115181933.83268827,11832664.287390841,22.272,15089664,145952380
2021-02-12T10:20:02.571675Z,117002228.95028307,11551521.454399623,18.489,15048704,146619556
2021-02-12T10:30:02.567999Z,117279746.50266916,11727705.497491902,22.758,14778368,146805254
2021-02-12T10:40:02.572033Z,115831557.38285892,11331968.771622768,22.064,15171584,146364934
2021-02-12T10:50:02.624663Z,116706141.73168282,11486371.928914454,19.631,14516224,146872602
2021-02-12T11:00:02.581479Z,117072056.43683696,11930939.249660665,20.414,15007744,146781820
2021-02-12T11:10:02.596724Z,116436251.50872596,11777862.972131139,23.528,15187968,146078214
2021-02-12T11:20:02.570166Z,117131825.27878052,11334271.303460298,22.271,14278656,146876934
2021-02-12T11:30:02.563646Z,115726613.86096409,11991981.852935301,20.66,15048704,146607740
2021-02-12T11:40:02.572864Z,116867277.65794201,11761457.241230622,19.689,15155200,146730620
2021-02-12T11:50:02.655626Z,117398150.77881283,11776199.298372889,20.419,15073280,147242620
2021-02-12T12:00:02.573139Z,116725541.87979938,11886240.628604911,16.881,15220736,146853500
2021-02-12T12:10:02.605670Z,116810093.70739406,12027675.11093189,18.893,15122432,146660516
2021-02-12T12:20:02.567761Z,115861629.4066801,11510064.02491599,22.051,14819328,147099260
2021-02-12T12:30:02.733546Z,116472170.83966981,11624309.996745108,18.522,14884864,146617980
2021-02-12T12:40:02.607964Z,116586399.51161483,11410484.620311806,23.267,14524416,146587260
2021-02-12T12:50:02.577987Z,116918139.94953474,12023322.774422664,17.089,15130624,146914940
2021-02-12T13:00:02.564185Z,116925602.88530438,11788648.762969462,18.638,15130624,146541968
2021-02-12T13:10:02.575690Z,115936782.65452316,11694230.455804646,23.722,14827520,146126460
2021-02-12T13:20:02.570365Z,115621605.03730775,11655245.224536167,23.53,14680064,146095740
2021-02-12T13:30:02.552357Z,117611137.37087218,11077906.699608026,22.597,14442496,147248528
2021-02-12T13:40:02.554589Z,114931870.93066446,11417806.372262103,20.14,14843904,145829500
2021-02-12T13:50:02.682231Z,113658732.1208382,11489632.251931239,23.461,14647296,142644860
2021-02-12T14:00:02.576395Z,117076339.93205863,11797220.842030693,22.152,14843904,147263100
2021-02-12T14:10:02.566760Z,116854201.30652402,11647877.939879417,20.11,14983168,147263100
2021-02-12T14:20:02.564648Z,116576343.05178533,11551590.960888851,23.457,14893056,146508294
2021-02-12T14:30:02.582224Z,116934378.60571165,11244661.72207118,19.474,14811136,146579974
2021-02-12T14:40:02.567983Z,116734708.67961283,11587491.211656665,19.432,14876672,146863740
2021-02-12T14:50:02.585082Z,117245367.83550687,11673236.146316096,23.146,14958592,147043728
2021-02-12T15:00:02.906555Z,116647117.50629766,11776021.172436988,23.313,15196160,146129414
2021-02-12T15:10:02.757997Z,115221099.36998433,11934467.483085264,22.696,15040512,144199962
2021-02-12T15:20:02.568164Z,116088146.5078121,11879551.605722213,23.629,15163392,146105980
2021-02-12T15:30:02.621424Z,115457506.65949836,11760698.316239139,20.553,14999552,145993340
2021-02-12T15:40:02.628555Z,117166912.31727551,11501833.667519871,21.089,14794752,147235334
2021-02-12T15:50:02.569169Z,116132023.82307601,11192914.790036352,23.069,14409728,146518534
2021-02-12T16:00:02.620356Z,117067116.79835725,11659837.379593145,23.469,14819328,147058300
2021-02-12T16:10:02.565443Z,117316627.82175575,11985252.25304846,17.91,15171584,147097882
2021-02-12T16:20:02.573333Z,116305274.4659105,12023764.996253004,23.444,15187968,146170374
2021-02-12T16:30:02.912417Z,117242178.28798397,11456493.204349253,21.401,14811136,146904700
2021-02-12T16:40:02.621737Z,117485428.0299067,11444356.28471535,22.012,14557184,147094928
2021-02-12T16:50:02.599289Z,117393884.34947436,11957623.293178128,16.459,15097856,146887174
2021-02-12T17:00:02.596310Z,114472380.67761688,11202373.796265688,23.541,14286848,143218300
2021-02-12T17:10:02.564357Z,115866677.09933615,10843289.76952053,23.565,13860864,146249340
2021-02-12T17:20:02.553760Z,115455322.7008496,11840765.697926866,22.248,15089664,145235580
2021-02-12T17:30:02.597969Z,117419988.43591374,11834201.74225991,20.172,14917632,146999814
2021-02-12T17:40:02.555972Z,115273785.93147863,11339130.340353647,23.349,14409728,146331260
2021-02-12T17:50:02.851148Z,116135565.19088085,10659659.892219093,25.356,13492224,146126460
2021-02-12T18:00:02.631733Z,116369900.84123382,9529875.85028903,19.506,12066816,146157180
2021-02-12T18:10:02.592017Z,116555584.77067636,11751095.87144547,26.711,14753792,145962620
2021-02-12T18:20:02.644352Z,116116645.42382553,9390434.308017096,15.409,12001280,145367816
2021-02-12T18:30:02.613790Z,114780500.10721731,10907083.461253406,25.54,13860864,143766928
2021-02-12T18:40:02.596963Z,116587274.29578127,11777963.164165791,21.824,14901248,145889562
2021-02-12T18:50:02.550157Z,115600853.04417433,11750893.922241863,17.158,15056896,145501820
2021-02-12T19:00:02.630922Z,95607842.24412742,7136765.369594779,26.432,9084928,119852196
2021-02-12T19:10:02.649778Z,116588010.9396163,8234266.646057738,27.227,10420224,146528774
2021-02-12T19:20:02.642026Z,117349703.73080777,8838704.769026875,23.938,11526144,146985836
2021-02-12T19:30:02.604756Z,116917790.18451636,7848664.521936507,22.699,10010624,146787728
2021-02-12T19:40:02.655653Z,114490440.81354767,6153036.749904191,23.438,8134656,145538448
2021-02-12T19:50:02.634555Z,115374371.66240104,5476542.368530109,26.389,7200768,144596368
2021-02-12T20:00:02.651265Z,116253083.62442786,4888614.880241433,24.529,6569984,146631174
2021-02-12T20:10:02.664640Z,116758823.157863,8785339.807249015,20.222,11247616,146634128
2021-02-12T20:20:02.606016Z,113943260.04617363,10724333.246553767,23.247,13623296,143842940
2021-02-12T20:30:03.313711Z,115964280.10674442,6548381.472609799,26.572,8560640,145231248
2021-02-12T20:40:02.606409Z,112867504.00322132,6103152.260493963,23.202,7847936,143023740
2021-02-12T20:50:02.645015Z,110406135.39752282,5774940.266559886,26.378,7634944,139043334
2021-02-12T21:00:02.622019Z,116607155.48152637,6131303.635609879,22.249,8085504,146508294
2021-02-12T21:10:02.602834Z,115019558.99757041,10871065.12849434,19.329,13762560,144091654
2021-02-12T21:20:02.620034Z,113637611.84634964,9115481.224310836,26.257,11755520,143333894
2021-02-12T21:30:02.579060Z,116056570.95004594,9336224.838641489,27.766,11976704,145387802
2021-02-12T21:40:02.599569Z,108099713.96412103,5416260.14721035,27.175,7102464,146280060
2021-02-12T21:50:02.674986Z,115445727.77317597,11123443.087829527,26.464,14073856,144828934
2021-02-12T22:00:02.614354Z,115367517.54592675,7936496.607180195,21.256,10182656,146065020
2021-02-12T22:10:02.642943Z,116245039.39317591,7832059.597336483,23.906,10321920,146587260
2021-02-12T22:20:02.590329Z,115665264.11767246,7697362.207883718,22.396,10059776,145525254
2021-02-12T22:30:02.564306Z,114885966.71233705,10591892.520944614,25.567,13623296,144183814
2021-02-12T22:40:02.618222Z,116421667.07382175,11736209.01150187,23.112,15056896,146925180
2021-02-12T22:50:02.576039Z,115540064.13924952,11680404.469348215,25.745,14721024,146054780
2021-02-12T23:00:02.582437Z,114999217.55221164,11702286.464303143,22.097,14704640,144897660
2021-02-12T23:10:02.915648Z,109170647.35191835,10507918.473858371,63.656,13230080,137862780
2021-02-12T23:20:02.609576Z,112638188.6152608,10143565.926700287,25.521,12984320,141217168
2021-02-12T23:30:02.022191Z,115042384.01880455,11751809.870314881,23.353,14950400,145174140
2021-02-12T23:40:02.666953Z,115922537.85170218,11633816.293082114,20.812,14639104,146146940
2021-02-12T23:50:02.562674Z,115552209.49785088,11326592.632208133,23.249,14401536,146484860
2021-02-13T00:00:02.632857Z,116609010.36949821,11751748.628147017,21.254,14794752,147191420
2021-02-13T00:10:02.591032Z,116336551.7598313,11670687.771564886,23.962,14868480,147007100
2021-02-13T00:20:02.600396Z,110244023.35287023,11659629.956306688,24.883,15114240,138086682
2021-02-13T00:30:02.682897Z,117211740.02959424,11952906.641396211,25.62,15138816,146924396
2021-02-13T00:40:02.615720Z,116880278.71573332,11561051.607635012,17.021,14712832,146935420
2021-02-13T00:50:02.578937Z,116192509.39584401,11224431.389364816,25.004,14598144,146003580
2021-02-13T01:00:02.649532Z,115336317.93467279,11069497.370764786,22.715,13991936,144672380
2021-02-13T01:10:02.568984Z,115870591.77208604,11629811.419056434,23.032,14778368,146361980
2021-02-13T01:20:02.588569Z,116360388.0415547,11450686.668174906,23.426,14712832,145781254
2021-02-13T01:30:02.589306Z,116941318.69939543,11799143.476303522,25.037,15007744,146746768
2021-02-13T01:40:02.678423Z,116230849.3461925,9100820.457273511,23.91,11665408,146556540
2021-02-13T01:50:02.785660Z,117109478.93525471,11814978.296046354,19.987,14909440,147207568
2021-02-13T02:00:02.574288Z,116467784.39979327,11336472.288159762,22.847,14409728,147027580
2021-02-13T02:10:02.559258Z,115731182.90719385,11816189.702747304,19.148,14925824,146351740
2021-02-13T02:20:02.597953Z,111401456.16544299,11735311.177300671,22.164,15097856,140807568
2021-02-13T02:30:02.621834Z,114579135.498072,11769172.514596606,22.943,14950400,145532540
2021-02-13T02:40:02.601921Z,116146817.30771692,11420272.171217592,21.001,14688256,146249340
2021-02-13T02:50:02.600588Z,115967172.1070803,11668761.554099075,25.284,14745600,146607740
2021-02-13T03:00:02.643005Z,116975828.69485869,11821537.601479525,20.398,15081472,147027580
2021-02-13T03:10:02.605360Z,117158851.5015237,11533628.083652271,22.358,14909440,146822780
2021-02-13T03:20:02.643672Z,113999254.96135181,11686696.454242703,18.658,14950400,144928380
2021-02-13T03:30:02.604432Z,111938009.54783794,11677335.798061958,22.622,14704640,140231174
2021-02-13T03:40:02.586300Z,111745773.2101865,11434379.490984624,23.57,14622720,141303420
2021-02-13T03:50:02.596321Z,116295299.3409642,11769881.355368072,22.238,15130624,146319642
2021-02-13T04:00:02.617243Z,115541784.5412242,11867755.028103536,23.98,15147008,145890940
2021-02-13T04:10:02.599849Z,116112864.62074547,11722307.27255824,22.954,15089664,146738698
2021-02-13T04:20:02.627971Z,116943891.9127027,11723532.089607798,22.527,15155200,146559494
2021-02-13T04:30:02.676959Z,111867765.52131863,11341044.301550366,15.843,14745600,140165402
2021-02-13T04:40:01.570960Z,116628695.6976416,11317980.242197227,23.201,14745600,146600454
2021-02-13T04:50:02.591194Z,116390899.30122595,11533226.216424264,23.076,14802944,145637894
2021-02-13T05:00:02.563121Z,99511811.7420437,11669462.833886022,15.64,14852096,124717574
2021-02-13T05:10:02.607533Z,116184335.47175643,11544478.352713423,18.762,14745600,146190070
2021-02-13T05:20:02.588802Z,116138088.53326178,11032469.535531279,18.225,13901824,145904134
2021-02-13T05:30:02.620383Z,112241447.05154714,11858859.79546686,21.58,14884864,142184060
2021-02-13T05:40:02.523483Z,116291737.7041694,12051403.913416004,14.144,15163392,146679420
2021-02-13T05:50:02.725027Z,115789947.2293781,11832162.463401074,15.064,15155200,146272774
2021-02-13T06:00:01.970602Z,116864585.00928192,11765326.781985467,17.523,14802944,146515580
2021-02-13T06:10:01.888428Z,115927006.8751252,11934053.62488416,21.815,15220736,146884220
2021-02-13T06:20:01.841868Z,112267575.71049298,11876032.13035533,21.734,14893056,141641340
2021-02-13T06:30:01.820260Z,112948808.66038439,11192425.426167605,18.92,14344192,141774460
2021-02-13T06:40:01.967999Z,115583228.32389247,11476739.293232445,19.312,14893056,144783642
2021-02-13T06:50:01.882964Z,116573495.52763914,11255182.268141802,19.802,14172160,146515580
2021-02-13T07:00:01.903062Z,116337776.55708143,11582276.012077166,22.446,14901248,145879322
2021-02-13T07:10:01.934178Z,116123042.42332791,11574032.41296651,19.26,15196160,146525820
2021-02-13T07:20:01.886368Z,116453845.6957668,8605885.05459765,21.769,14688256,146935420
2021-02-13T07:30:01.896737Z,115663078.1283088,12020827.25445349,20.874,15106048,146815494
2021-02-13T07:40:01.891809Z,116887777.19832078,12066265.008425564,20.014,15220736,146367104
2021-02-13T07:50:01.888691Z,114892185.27731863,11242046.206321128,19.873,14442496,145194620
2021-02-13T08:00:00.914094Z,114829783.34718147,11549318.71857421,13.979,14819328,143668860
2021-02-13T08:10:01.882080Z,112926179.48931727,11841760.251069935,19.507,14991360,143319322
2021-02-13T08:20:01.881371Z,114322063.03209579,11671662.931797873,18.174,15056896,143651334
2021-02-13T08:30:01.949047Z,115157600.06504095,11708875.830280459,18.144,14745600,144511494
2021-02-13T08:40:01.883907Z,116904247.78520584,11713063.565640204,18.337,14712832,146592384
2021-02-13T08:50:01.893327Z,117050625.61071429,11119694.452345064,20.168,14376960,147048060
2021-02-13T09:00:01.874856Z,116942932.06845436,11251719.136415603,22.648,14467072,146792060
2021-02-13T09:10:01.874328Z,115708080.1389646,11607302.020070067,19.973,14974976,146474620
2021-02-13T09:20:01.875126Z,117118594.47212796,12037030.123814227,17.132,15114240,146976380
2021-02-13T09:30:01.874976Z,115622672.4902918,11517654.205420379,18.606,14663680,146395654
2021-02-13T09:40:01.875508Z,117308339.26879016,11745613.272600349,16.833,14745600,146749722
2021-02-13T09:50:02.029945Z,116723752.93413883,11798938.924591642,15.455,15032320,146097316
2021-02-13T10:00:01.881833Z,116118608.37562315,11475335.55514772,18.275,14573568,146316688
2021-02-13T10:10:01.886789Z,116572380.91640557,11532100.475710243,16.991,14909440,146316688
2021-02-13T10:20:01.871447Z,116019575.80587362,12010947.200231258,18.526,15138816,145962620
2021-02-13T10:30:01.882585Z,115831203.86562335,11511616.148852188,21.654,14786560,146751100
2021-02-13T10:40:01.892833Z,116373240.72520393,11582431.544673393,17.901,14639104,146795014
2021-02-13T10:50:01.878548Z,115576176.6838532,11480341.087629285,19.351,15253504,145814928
2021-02-13T11:00:01.860905Z,115948736.21422867,11757388.241996992,19.193,15147008,146239100
2021-02-13T11:10:01.935837Z,116665503.65743883,11598493.825239731,16.23,14893056,146792060
2021-02-13T11:20:01.885812Z,116717198.75812776,12005292.837121949,22.223,15187968,146146940
2021-02-13T11:30:01.870879Z,117367994.16026382,11922013.298569076,19.732,14983168,147273340
2021-02-13T11:40:01.830359Z,116476304.59380937,11776482.490564428,18.625,14811136,146136700
2021-02-13T11:50:01.803761Z,116357702.9094732,11955854.594300648,17.36,15015936,146208380
2021-02-13T12:00:01.853784Z,115287224.05884214,11536444.697374828,20.899,14917632,146920848
2021-02-13T12:10:01.865512Z,116904785.27268864,11846308.54995933,19.278,14934016,147150460
2021-02-13T12:20:02.029678Z,117371787.25390482,11729228.835062826,20.696,14753792,146999814
2021-02-13T12:30:02.739362Z,115989407.05744341,11892096.248354323,20.773,14942208,146774534
2021-02-13T12:40:01.883832Z,115766472.28925106,11463230.435779832,20.547,14753792,145860220
2021-02-13T12:50:01.875196Z,116251649.0526303,11778182.919109566,18.632,14934016,146869648
2021-02-13T13:00:01.886310Z,115596056.33685523,11286772.303202964,17.687,14213120,146443900
2021-02-13T13:10:01.874049Z,116011969.73838903,11665751.457550967,18.675,14794752,146904700
2021-02-13T13:20:01.828129Z,116216662.760477,11521914.934597488,19.572,14893056,146720380
2021-02-13T13:30:01.871135Z,115999383.87603585,11401385.3966025,19.667,14622720,145911420
2021-02-13T13:40:01.872143Z,116285467.95773491,11098016.569154281,18.425,14655488,146505340
2021-02-13T13:50:01.863069Z,115317669.4234377,11726871.194245746,13.105,14852096,146160134
2021-02-13T14:00:01.946344Z,116833832.92963366,11916595.544549277,18.727,15040512,146890128
2021-02-13T14:10:01.874689Z,116646433.2730421,11801854.17401188,21.195,14958592,146866694
2021-02-13T14:20:01.877308Z,116925368.15692635,11449617.5832803,17.281,14589952,146609910
2021-02-13T14:30:01.890081Z,116800276.2617716,11709244.844301067,20.06,14819328,146986620
2021-02-13T14:40:01.897381Z,116794682.4969063,11918507.640477024,18.391,15073280,146556540
2021-02-13T14:50:01.863370Z,116633079.72315647,11566038.444100786,21.7,14647296,146636298
2021-02-13T15:00:01.885012Z,116826360.3069582,11800155.575870225,20.99,15122432,147252860
2021-02-13T15:10:02.024756Z,116543014.13460629,11568831.77396392,20.772,14950400,146098694
2021-02-13T15:20:01.896571Z,116035187.49703702,11876966.734836912,18.398,14950400,146856454
2021-02-13T15:30:01.891223Z,116716851.02696493,11649642.802984186,20.017,14860288,146228860
2021-02-13T15:40:01.757464Z,116852754.63662262,11581245.43459971,17.228,14917632,146894460
2021-02-13T15:50:01.893034Z,114896106.86369404,11567752.237354856,19.711,14934016,144025882
2021-02-13T16:00:01.878740Z,117365667.89788444,11625043.998235531,21.262,14884864,147296774
2021-02-13T16:10:01.894511Z,116691529.50370277,11779667.75790987,19.742,15040512,146321020
2021-02-13T16:20:01.891757Z,116721524.54348432,11536692.179488009,18.45,14508032,146751100
2021-02-13T16:30:01.973089Z,117021133.01963341,11757896.320781877,19.493,14876672,146556540
2021-02-13T16:40:01.834930Z,116686067.87598944,11528971.947745977,19.463,14925824,146426374
2021-02-13T16:50:01.883306Z,116372695.2358654,11357453.769381372,20.599,14311424,145725722
2021-02-13T17:00:01.892522Z,117249345.79947098,11670289.063854894,20.867,15220736,147156368
2021-02-13T17:10:01.882720Z,111025122.24252188,11671031.44133173,19.504,14974976,141521414
2021-02-13T17:20:01.855040Z,112042904.33838357,11758051.092145002,22.379,14835712,141979260
2021-02-13T17:30:01.893353Z,116770766.12831685,11696088.279879535,21.105,14688256,146846214
2021-02-13T17:40:01.885715Z,117435299.05467795,11751217.85295117,18.833,14884864,146938374
2021-02-13T17:50:01.925413Z,114332579.58555394,11123242.058223166,19.318,14368768,143873660
2021-02-13T18:00:01.884638Z,117514111.2963071,11484671.492490752,22.941,14540800,147214854
2021-02-13T18:10:01.885983Z,112994855.97911614,11709134.5500865,15.686,15081472,143405574
2021-02-13T18:20:02.122675Z,109878341.7334102,11232880.292097652,18.278,14131200,138415740
2021-02-13T18:30:05.846831Z,113227557.86670806,11358555.91760714,15.104,14286848,143433340
2021-02-13T18:40:01.854449Z,112090723.7940475,11274366.740400366,18.405,14352384,140712454
2021-02-13T18:50:01.885181Z,113351755.14015414,11695429.559593787,17.271,14999552,141917820
2021-02-13T19:00:01.920126Z,113777405.8261958,11629946.863373108,21.817,14991360,142614140
2021-02-13T19:10:01.929540Z,116582812.84497476,11437799.165109029,17.167,14909440,146702854
2021-02-13T19:20:01.933238Z,116136165.7586758,11685613.771195248,18.587,14704640,146003580
2021-02-13T19:30:01.883938Z,115357551.55537526,11582003.425096925,21.606,14843904,145901180
2021-02-13T19:40:01.899579Z,115867059.84850495,11788778.484908735,21.188,14811136,145535494
2021-02-13T19:50:01.920864Z,116984855.22621779,11719556.913193148,19.454,14901248,146904700
2021-02-13T20:00:01.912004Z,102867301.64950784,11560141.956306359,22.629,14991360,128932122
2021-02-13T20:10:01.889922Z,116819170.01747529,11825765.133391613,17.01,14983168,147150460
2021-02-13T20:20:01.861475Z,115497078.6982087,11665484.305915,17.47,14704640,145983100
2021-02-13T20:30:02.033191Z,116155038.72456917,12021948.671081545,16.447,15155200,146136700
2021-02-13T21:00:01.871668Z,115548233.7891609,11523156.473949293,18.698,14688256,146402940
2021-02-13T21:10:01.924818Z,115894819.51789156,11567049.53026474,19.874,14811136,146423420
2021-02-13T21:20:01.874733Z,115885604.20245086,11589250.030570075,15.763,14811136,146822780
2021-02-13T21:30:02.054367Z,116805643.05954115,11535932.878897253,16.053,15081472,147119740
2021-02-13T21:40:01.918180Z,91217622.06652382,11911567.283680735,19.807,14983168,146732790
2021-02-13T21:50:02.029495Z,115861049.48862697,11682497.464861779,18.979,14811136,146597500
2021-02-13T22:00:01.914147Z,115912953.2820236,11993671.72477931,22.414,15097856,145228294
2021-02-13T22:10:01.878494Z,116046496.84672761,11302999.979880096,22.412,14655488,146726288
2021-02-13T22:20:01.850471Z,113759346.48925753,11697635.913383728,21.238,14729216,142685820
2021-02-13T22:30:01.601889Z,108083912.35234585,11516654.57097446,19.392,14868480,136438042
2021-02-13T22:40:01.494004Z,110731745.24150829,11845334.195665034,18.15,14901248,138815100
2021-02-13T22:50:01.648362Z,110594374.29701042,11080026.326977592,16.56,13967360,138677648
2021-02-13T23:00:01.629138Z,101209709.04319933,11160898.040872702,20.339,14360576,127994374
2021-02-13T23:10:01.615615Z,116991849.77804959,11791121.47298603,21.137,15179776,146664848
2021-02-13T23:20:01.635477Z,110842222.01770227,11537349.522530984,18.718,14819328,139705980
2021-02-13T23:30:01.632790Z,113544187.9773906,11921581.95922559,13.423,15015936,142197254
